{"cameraMode":{"drawMode":0,"name":"Shaded","section":"Shading Mode"},"sceneLighting":false,"audioPlay":false,"sceneViewState":{"m_AlwaysRefresh":false,"showFog":false,"showSkybox":false,"showFlares":true,"showImageEffects":true,"showParticleSystems":true,"showVisualEffectGraphs":true,"m_FxEnabled":true},"in2DMode":false,"pivot":{"x":0.00694766640663147,"y":0.01177339255809784,"z":0.0016698837280273438},"rotation":{"x":-0.09081724286079407,"y":0.8817226886749268,"z":-0.18960152566432954,"w":-0.4223369061946869},"size":1.3110617399215699,"orthographic":false}